CREATE DATABASE Lojinha;

USE Lojinha;

-- ------------------------------------------------------------------------------------------------

CREATE TABLE PRODUTOS
(

CodProduto			INT(5) PRIMARY KEY,
DescProduto			VARCHAR(50),
ValProduto			VARCHAR(50),
VenctoProduto		DATE

);

INSERT INTO PRODUTOS VALUES

    (1, 'Wine - Rioja Campo Viejo', '$7.01', '2023/08/09'),
    (2, 'Compound - Raspberry', '$16.27', '2023/07/16'),
    (3, 'Pineapple - Regular', '$25.62', '2023/08/12'),
    (4, 'Sprouts - Brussel', '$20.97', '2023/06/18'),
    (5, 'Energy - Boo - Koo', '$19.50', '2023/07/10'),
    (6, 'Mushroom - White Button', '$25.43', '2023/08/14'),
    (7, 'Puree - Raspberry', '$28.72', '2023/07/27'),
    (8, 'Miso - Soy Bean Paste', '$29.16', '2023/06/01'),
    (9, 'Yukon Jack', '$16.12', '2023/08/04'),
    (10, 'Yogurt - Strawberry, 175 Gr', '$15.81', '2023/06/05'),
    (11, 'Icecream - Dstk Strw Chseck', '$18.65', '2023/07/18'),
    (12, 'Potatoes - Peeled', '$13.98', '2023/06/24'),
    (13, 'Sprite, Diet - 355ml', '$19.43', '2023/05/20'),
    (14, 'Wine - Mondavi Coastal Private', '$17.67', '2023/06/16'),
    (15, 'Bouq All Italian - Primerba', '$1.14', '2023/08/15'),
    (16, 'Pepper - Black, Whole', '$28.90', '2023/07/15'),
    (17, 'Cheese - Pont Couvert', '$3.92', '2023/08/04'),
    (18, 'Shrimp - 150 - 250', '$4.94', '2023/07/09'),
    (19, 'Pheasants - Whole', '$21.31', '2023/07/06'),
    (20, 'Coconut Milk - Unsweetened', '$23.61', '2023/07/06'),
    (21, 'Flour - Corn, Fine', '$15.27', '2023/06/01'),
    (22, 'Beef - Ground Medium', '$9.30', '2023/06/26'),
    (23, 'Seedlings - Clamshell', '$21.41', '2023/05/29'),
    (24, 'Bay Leaf Fresh', '$8.65', '2023/08/03'),
    (25, 'Clams - Canned', '$1.60', '2023/06/12'),
    (26, 'Latex Rubber Gloves Size 9', '$21.12', '2023/05/18'),
    (27, 'Garlic Powder', '$5.46', '2023/08/08'),
    (28, 'Doilies - 12, Paper', '$9.06', '2023/07/05'),
    (29, 'Crab Brie In Phyllo', '$26.81', '2023/06/28'),
    (30, 'Pepper - Yellow Bell', '$17.57', '2023/06/07'),
    (31, 'Bread - Sticks, Thin, Plain', '$6.84', '2023/06/05'),
    (32, 'Sauce - Roasted Red Pepper', '$26.77', '2023/07/11'),
    (33, 'Cheese - Bakers Cream Cheese', '$14.19', '2023/06/21'),
    (34, 'Langers - Cranberry Cocktail', '$12.91', '2023/08/02'),
    (35, 'Sour Puss - Tangerine', '$29.60', '2023/06/30'),
    (36, 'Pasta - Rotini, Dry', '$29.24', '2023/06/30'),
    (37, 'Oil - Pumpkinseed', '$20.60', '2023/08/13'),
    (38, 'Soup Campbells - Tomato Bisque', '$19.67', '2023/06/26'),
    (39, 'Cranberries - Fresh', '$3.12', '2023/07/31'),
    (40, 'Juice - V8, Tomato', '$17.25', '2023/06/12'),
    (41, 'Tomatoes - Grape', '$12.83', '2023/08/10'),
    (42, 'Squeeze Bottle', '$14.94', '2023/06/10'),
    (43, 'Sterno - Chafing Dish Fuel', '$10.91', '2023/06/09'),
    (44, 'Veal - Kidney', '$15.25', '2023/07/20'),
    (45, 'Roe - Flying Fish', '$25.71', '2023/05/29'),
    (46, 'Beer - True North Lager', '$14.20', '2023/06/01'),
    (47, 'Lettuce - Baby Salad Greens', '$15.72', '2023/06/20'),
    (48, 'Longos - Chicken Caeser Salad', '$9.25', '2023/06/17'),
    (49, 'Juice - Orange', '$14.17', '2023/05/31'),
    (50, 'Wine - Penfolds Koonuga Hill', '$6.25', '2023/08/13');

SELECT * FROM PRODUTOS;
DROP TABLE PRODUTOS;

SELECT CodProduto, DescProduto FROM PRODUTOS
ORDER BY CodProduto;

SELECT CodProduto, DescProduto FROM PRODUTOS
ORDER BY DescProduto;

SELECT * FROM PRODUTOS
WHERE VenctoProduto BETWEEN '2005-10-01' AND '2005-10-10';

-- ------------------------------------------------------------------------------------------------

CREATE TABLE VENDAS
(

CodVenda			INT(10) auto_increment PRIMARY KEY,
CodCliente			INT(10),
CodProduto			INT(5),
QuantVenda			INT(4),
DataVenda			DATE,
FormaPagto			CHAR(1)

);

INSERT INTO VENDAS VALUES


(1, 150, 38, 1, '2023/05/13', 'P'),
(2, 149, 16, 12, '2023/05/02', 'V'),
(3, 148, 44, 17, '2023/05/24', 'P'),
(4, 147, 13, 6, '2023/05/27', 'P'),
(5, 146, 18, 9, '2023/05/12', 'P'),
(6, 145, 6, 18, '2023/05/21', 'P'),
(7, 144, 26, 5, '2023/04/29', 'P'),
(8, 143, 8, 14, '2023/05/06', 'P'),
(9, 142, 34, 10, '2023/05/31', 'P'),
(10, 141, 46, 3, '2023/05/26', 'P'),
(11, 140, 50, 7, '2023/05/29', 'V'),
(12, 139, 45, 11, '2023/04/20', 'V'),
(13, 138, 45, 16, '2023/05/15', 'V'),
(14, 137, 23, 4, '2023/05/24', 'V'),
(15, 136, 35, 8, '2023/05/20', 'V'),
(16, 135, 10, 20, '2023/05/17', 'P'),
(17, 134, 27, 2, '2023/04/28', 'P'),
(18, 133, 17, 15, '2023/05/10', 'V'),
(19, 132, 26, 19, '2023/05/29', 'P'),
(20, 131, 20, 13, '2023/05/28', 'P'),
(21, 130, 16, 20, '2023/05/08', 'V'),
(22, 129, 47, 15, '2023/05/30', 'P'),
(23, 128, 25, 1, '2023/05/09', 'P'),
(24, 127, 13, 11, '2023/05/09', 'V'),
(25, 126, 9, 4, '2023/06/01', 'V'),
(26, 125, 16, 2, '2023/04/20', 'V'),
(27, 124, 39, 7, '2023/04/30', 'V'),
(28, 123, 46, 16, '2023/05/31', 'P'),
(29, 122, 28, 20, '2023/05/03', 'V'),
(30, 121, 46, 18, '2023/05/21', 'V'),
(31, 120, 2, 9, '2023/05/14', 'P'),
(32, 119, 48, 4, '2023/05/30', 'P'),
(33, 118, 39, 14, '2023/06/03', 'P'),
(34, 117, 35, 2, '2023/05/10', 'P'),
(35, 116, 44, 20, '2023/05/26', 'V'),
(36, 115, 30, 12, '2023/05/02', 'P'),
(37, 114, 3, 10, '2023/05/02', 'V'),
(38, 113, 45, 17, '2023/04/19', 'P'),
(39, 112, 37, 5, '2023/05/15', 'P'),
(40, 111, 26, 1, '2023/04/20', 'V'),
(41, 110, 13, 18, '2023/04/25', 'P'),
(42, 109, 47, 16, '2023/04/26', 'V'),
(43, 108, 17, 19, '2023/04/21', 'P'),
(44, 107, 38, 8, '2023/04/22', 'P'),
(45, 106, 33, 10, '2023/05/03', 'V'),
(46, 105, 35, 9, '2023/04/25', 'V'),
(47, 104, 33, 4, '2023/05/05', 'V'),
(48, 103, 46, 12, '2023/04/23', 'V'),
(49, 102, 18, 2, '2023/05/22', 'V'),
(50, 101, 15, 19, '2023/04/25', 'V');

SELECT * FROM VENDAS;
DROP TABLE VENDAS;

SELECT * FROM VENDAS
WHERE FormaPagto = 'P';

SELECT VENDAS.CodVenda, VENDAS.CodCliente, CLIENTES.NomeCliente, VENDAS.CodProduto, PRODUTOS.DescProduto, VENDAS.QuantVenda, VENDAS.DataVenda, VENDAS.FormaPagto
	from VENDAS
    INNER JOIN PRODUTOS on VENDAS.CodProduto = PRODUTOS.CodProduto
    INNER JOIN CLIENTES on VENDAS.CodCliente = CLIENTES.CodCliente
    order by CodVenda;

-- ------------------------------------------------------------------------------------------------

CREATE TABLE CLIENTES
(

CodCliente			INT(5) PRIMARY KEY,
NomeCliente			VARCHAR(50),
CelCliente			VARCHAR(50),
CPF					VARCHAR(50)

);

INSERT INTO CLIENTES VALUES

(101, 'Armand', '60764-002', '779692821-1'),
(102, 'Man', '58668-0679', '175756247-8'),
(103, 'Aprilette', '0268-6171', '123131506-7'),
(104, 'Daune', '14505-488', '223015000-6'),
(105, 'Kandace', '52584-782', '137690533-7'),
(106, 'Mickie', '37012-160', '687773273-1'),
(107, 'Orton', '0519-8801', '655690921-1'),
(108, 'Cherice', '54575-134', '359810621-1'),
(109, 'Herby', '46708-031', '379472144-6'),
(110, 'Walton', '51672-4125', '904853987-0'),
(111, 'Danie', '55301-227', '059333042-0'),
(112, 'Lillis', '63323-540', '132923390-5'),
(113, 'Petronille', '51327-210', '815408764-2'),
(114, 'Deedee', '36987-1331', '881063549-3'),
(115, 'Seth', '0942-0641', '275433616-8'),
(116, 'Emalee', '50436-9992', '778526719-7'),
(117, 'Jobey', '42352-3001', '911513900-X'),
(118, 'Gabbi', '49349-507', '795314913-3'),
(119, 'Ingar', '65923-498', '008277179-0'),
(120, 'Kamillah', '36987-2146', '541416842-3'),
(121, 'Jesse', '0591-3776', '296616987-7'),
(122, 'Pamella', '0009-0436', '201332402-2'),
(123, 'Zora', '52959-049', '910398793-0'),
(124, 'Blakeley', '31645-157', '369903013-X'),
(125, 'Evy', '23155-214', '342272161-4'),
(126, 'Marline', '36987-2552', '401038815-3'),
(127, 'Germana', '52125-433', '546034352-6'),
(128, 'Zitella', '62206-4740', '478331732-1'),
(129, 'Elfrida', '36987-2977', '379635804-7'),
(130, 'Esmaria', '43742-0087', '410319094-9'),
(131, 'Victor', '76354-001', '491313815-4'),
(132, 'Sadie', '49738-416', '818573663-4'),
(133, 'Reidar', '54458-925', '464922947-2'),
(134, 'Jilli', '57520-0990', '371295648-7'),
(135, 'Ardine', '55316-571', '536369115-9'),
(136, 'Shelagh', '52731-7005', '024577965-5'),
(137, 'Mathew', '44911-0037', '690583319-3'),
(138, 'Tommy', '0409-7172', '326761792-8'),
(139, 'Anson', '43857-0169', '096057620-7'),
(140, 'Hyatt', '54162-045', '417645060-6'),
(141, 'Alford', '49349-132', '716323999-8'),
(142, 'Emmi', '49349-060', '425564815-8'),
(143, 'Isabel', '55315-124', '857717364-X'),
(144, 'Clay', '68258-6040', '170835403-4'),
(145, 'Corty', '24357-701', '325921605-7'),
(146, 'Vanda', '59494-1001', '454334253-4'),
(147, 'Darryl', '59667-0054', '213662858-5'),
(148, 'Millisent', '49781-106', '208556066-0'),
(149, 'Joice', '54312-525', '328426332-2'),
(150, 'Jennie', '0220-9078', '960756972-5');

SELECT * FROM CLIENTES;
DROP TABLE CLIENTES;


